time	replicate	inc_temp	ppmv	nmol_l	gas	soil_type
0	1	19	13.90915921	580.199792258399	H2	warmed
1	1	19	10.02027091	417.980627914236	H2	warmed
2	1	19	8.501444521	354.625054649907	H2	warmed
4	1	19	6.463595957	269.619246920219	H2	warmed
8	1	19	3.404714535	142.022579228651	H2	warmed
24	1	19	0.46122017	NA	H2	warmed
48	1	19	0.2710897	NA	H2	warmed
72	1	19	0.237943132	NA	H2	warmed
120	1	19	0.16615369	NA	H2	warmed
240	1	19	0.17137525	NA	H2	warmed
360	1	19	0.17349581	NA	H2	warmed
480	1	19	-0.0213785	NA	H2	warmed
600	1	19	-0.1130166	NA	H2	warmed
720	1	19	-0.033041	NA	H2	warmed
840	1	19	0.03462166	NA	H2	warmed
0	2	19	12.72803852	530.931107600781	H2	warmed
1	2	19	10.94373247	456.501446978943	H2	warmed
2	2	19	9.930890523	414.252258629909	H2	warmed
4	2	19	8.580993703	357.943329908237	H2	warmed
8	2	19	6.114334092	255.050310116973	H2	warmed
24	2	19	1.297073919	NA	H2	warmed
48	2	19	0.332209248	NA	H2	warmed
72	2	19	0.379913075	NA	H2	warmed
120	2	19	0.31081434	NA	H2	warmed
240	2	19	0.31909028	NA	H2	warmed
360	2	19	0.33853249	NA	H2	warmed
480	2	19	-0.0127912	NA	H2	warmed
600	2	19	-0.1399535	NA	H2	warmed
720	2	19	0.07461961	NA	H2	warmed
840	2	19	0.02417461	NA	H2	warmed
0	4	19	12.29653421	512.931550097649	H2	warmed
1	4	19	8.867760199	369.905365779266	H2	warmed
2	4	19	6.557410445	273.53257810197	H2	warmed
4	4	19	3.764029843	157.010880383978	H2	warmed
8	4	19	1.055891846	44.0449505571902	H2	warmed
24	4	19	0.277951214	NA	H2	warmed
48	4	19	0.236534534	NA	H2	warmed
72	4	19	0.219154841	NA	H2	warmed
120	4	19	0.34603266	NA	H2	warmed
240	4	19	0.32471071	NA	H2	warmed
360	4	19	0.21015199	NA	H2	warmed
480	4	19	-0.0439859	NA	H2	warmed
600	4	19	-0.0283374	NA	H2	warmed
720	4	19	-0.0099165	NA	H2	warmed
840	4	19	0.03170449	NA	H2	warmed
0	5	19	12.33116038	514.375929037985	H2	warmed
1	5	19	6.824117678	284.657871791121	H2	warmed
2	5	19	3.738234827	155.93487983653	H2	warmed
4	5	19	1.335266416	55.6986432807405	H2	warmed
8	5	19	0.43116567	NA	H2	warmed
24	5	19	0.263548336	NA	H2	warmed
48	5	19	0.441456773	NA	H2	warmed
72	5	19	0.243944075	NA	H2	warmed
120	5	19	0.33775366	NA	H2	warmed
240	5	19	0.32321229	NA	H2	warmed
360	5	19	0.34735325	NA	H2	warmed
480	5	19	-0.0218752	NA	H2	warmed
600	5	19	-0.0278723	NA	H2	warmed
720	5	19	0.00991653	NA	H2	warmed
840	5	19	0.03527987	NA	H2	warmed
0	1	19	12.33603365	514.579210214002	H2	unwarmed
1	1	19	11.18690407	466.644986906339	H2	unwarmed
2	1	19	10.27560717	428.631598456116	H2	unwarmed
4	1	19	8.890771999	370.86526863018	H2	unwarmed
8	1	19	6.558701519	273.586433324653	H2	unwarmed
24	1	19	1.579347541	65.8801226844259	H2	unwarmed
48	1	19	0.417688642	NA	H2	unwarmed
72	1	19	0.186133862	NA	H2	unwarmed
120	1	19	0.11481826	NA	H2	unwarmed
240	1	19	0.14246254	NA	H2	unwarmed
360	1	19	0.17113516	NA	H2	unwarmed
480	1	19	-0.150297	NA	H2	unwarmed
600	1	19	-0.14796	NA	H2	unwarmed
720	1	19	-0.0169749	NA	H2	unwarmed
840	1	19	-0.0034121	NA	H2	unwarmed
0	2	19	12.31298481	513.617762294837	H2	unwarmed
1	2	19	11.01070427	459.295075541282	H2	unwarmed
2	2	19	9.983200169	416.43427734751	H2	unwarmed
4	2	19	8.39905286	350.353939513164	H2	unwarmed
8	2	19	5.836869676	243.476296613226	H2	unwarmed
24	2	19	1.170435147	48.8229531985728	H2	unwarmed
48	2	19	0.444734775	NA	H2	unwarmed
72	2	19	0.155897543	NA	H2	unwarmed
120	2	19	0.12207249	NA	H2	unwarmed
240	2	19	0.15849197	NA	H2	unwarmed
360	2	19	0.17243928	NA	H2	unwarmed
480	2	19	-0.1574142	NA	H2	unwarmed
600	2	19	-0.0464697	NA	H2	unwarmed
720	2	19	0.01388948	NA	H2	unwarmed
840	2	19	0.00938866	NA	H2	unwarmed
0	4	19	12.73767395	531.333035165194	H2	unwarmed
1	4	19	12.01952484	501.376518157826	H2	unwarmed
2	4	19	11.48880364	479.238276346219	H2	unwarmed
4	4	19	10.69087253	445.953772425546	H2	unwarmed
8	4	19	9.226911477	384.886824668249	H2	unwarmed
24	4	19	4.861014819	202.769969454451	H2	unwarmed
48	4	19	1.633685919	68.1467669259119	H2	unwarmed
72	4	19	0.606098388	NA	H2	unwarmed
120	4	19	0.15598926	NA	H2	unwarmed
240	4	19	0.18932437	NA	H2	unwarmed
360	4	19	0.15826822	NA	H2	unwarmed
480	4	19	-0.1589929	NA	H2	unwarmed
600	4	19	-0.1581757	NA	H2	unwarmed
720	4	19	-0.0159446	NA	H2	unwarmed
840	4	19	0.03265231	NA	H2	unwarmed
0	5	19	12.10161913	504.800958793272	H2	unwarmed
1	5	19	9.217953331	384.513148993843	H2	unwarmed
2	5	19	7.01350336	292.5578125204	H2	unwarmed
4	5	19	4.135361659	172.500432214489	H2	unwarmed
8	5	19	1.064791788	44.4161983387096	H2	unwarmed
24	5	19	0.422747028	NA	H2	unwarmed
48	5	19	0.399041734	NA	H2	unwarmed
72	5	19	0.33961083	NA	H2	unwarmed
120	5	19	0.07037898	NA	H2	unwarmed
240	5	19	0.1914787	NA	H2	unwarmed
360	5	19	0.14984161	NA	H2	unwarmed
480	5	19	-0.1528977	NA	H2	unwarmed
600	5	19	-0.137142	NA	H2	unwarmed
720	5	19	-0.0137257	NA	H2	unwarmed
840	5	19	0.03903955	NA	H2	unwarmed
0	1	13	11.8022582	502.636406987234	H2	unwarmed
1	1	13	10.7778176	459.007371456064	H2	unwarmed
2	1	13	9.97111475	424.651385071157	H2	unwarmed
4	1	13	8.8587178	377.276450832592	H2	unwarmed
8	1	13	6.69327667	285.054307351137	H2	unwarmed
24	1	13	1.66482046	70.9016325615749	H2	unwarmed
48	1	13	0.01350136	NA	H2	unwarmed
72	1	13	-0.1615722	NA	H2	unwarmed
120	1	13	-0.1319205	NA	H2	unwarmed
240	1	13	-0.0100116	NA	H2	unwarmed
360	1	13	0.01733979	NA	H2	unwarmed
0	2	13	12.2893543	523.38093141744	H2	unwarmed
1	2	13	11.2344513	478.454558459419	H2	unwarmed
2	2	13	10.3717855	441.715213259976	H2	unwarmed
4	2	13	9.21900763	392.620530122879	H2	unwarmed
8	2	13	7.00095755	298.157868500297	H2	unwarmed
24	2	13	1.80722427	76.9663481597892	H2	unwarmed
48	2	13	0.04892171	NA	H2	unwarmed
72	2	13	-0.1394713	NA	H2	unwarmed
120	2	13	-0.156252	NA	H2	unwarmed
240	2	13	0.00035926	NA	H2	unwarmed
360	2	13	0.02674951	NA	H2	unwarmed
0	4	13	12.4056326	528.333009734332	H2	unwarmed
1	4	13	11.7665574	501.115975766828	H2	unwarmed
2	4	13	11.2930974	480.952187683276	H2	unwarmed
4	4	13	10.6220749	452.374577136881	H2	unwarmed
8	4	13	9.25458549	394.135725555453	H2	unwarmed
24	4	13	5.03551132	214.453138911022	H2	unwarmed
48	4	13	1.44512228	61.5450923177058	H2	unwarmed
72	4	13	0.26296891	NA	H2	unwarmed
120	4	13	-0.1175563	NA	H2	unwarmed
240	4	13	0.09754332	NA	H2	unwarmed
360	4	13	0.03695435	NA	H2	unwarmed
0	5	13	11.7081725	498.629470569178	H2	unwarmed
1	5	13	9.26048953	394.387167728808	H2	unwarmed
2	5	13	7.31239183	311.421280032156	H2	unwarmed
4	5	13	4.84788264	206.462379518641	H2	unwarmed
8	5	13	1.37169338	58.4178909093325	H2	unwarmed
24	5	13	-0.1505646	NA	H2	unwarmed
48	5	13	-0.155964	NA	H2	unwarmed
72	5	13	-0.0469899	NA	H2	unwarmed
120	5	13	-0.1543441	NA	H2	unwarmed
240	5	13	-0.0020869	NA	H2	unwarmed
360	5	13	0.04313622	NA	H2	unwarmed
0	1	19	12.71258527	530.286498368522	CO	warmed
1	1	19	9.207769224	384.088334188252	CO	warmed
2	1	19	8.153990083	340.131511963162	CO	warmed
4	1	19	6.633689012	276.714424542792	CO	warmed
8	1	19	4.042322549	168.619444767376	CO	warmed
24	1	19	0.129166096	NA	CO	warmed
48	1	19	-0.07627759	NA	CO	warmed
72	1	19	-0.043362221	NA	CO	warmed
120	1	19	-0.0524807	NA	CO	warmed
240	1	19	-0.1109573	NA	CO	warmed
360	1	19	-0.0885552	NA	CO	warmed
480	1	19	NA	NA	CO	warmed
600	1	19	NA	NA	CO	warmed
720	1	19	NA	NA	CO	warmed
840	1	19	NA	NA	CO	warmed
0	2	19	11.25343807	469.420353295874	CO	warmed
1	2	19	9.74983289	406.699710020222	CO	warmed
2	2	19	9.019514834	376.235583614284	CO	warmed
4	2	19	7.947455004	331.516209764039	CO	warmed
8	2	19	5.905647481	246.345259975462	CO	warmed
24	2	19	1.050035614	43.8006665901641	CO	warmed
48	2	19	-0.034896412	NA	CO	warmed
72	2	19	-0.075293162	NA	CO	warmed
120	2	19	-0.078151659	NA	CO	warmed
240	2	19	NA	NA	CO	warmed
360	2	19	NA	NA	CO	warmed
480	2	19	NA	NA	CO	warmed
600	2	19	NA	NA	CO	warmed
720	2	19	NA	NA	CO	warmed
840	2	19	NA	NA	CO	warmed
0	4	19	10.93758458	456.244996934266	CO	warmed
1	4	19	8.794204586	366.837103295696	CO	warmed
2	4	19	7.224308961	301.351253163396	CO	warmed
4	4	19	5.136764102	214.272438747992	CO	warmed
8	4	19	2.052232693	85.6058201769979	CO	warmed
24	4	19	NA	NA	CO	warmed
48	4	19	NA	NA	CO	warmed
72	4	19	NA	NA	CO	warmed
120	4	19	NA	NA	CO	warmed
240	4	19	-0.1109559	NA	CO	warmed
360	4	19	NA	NA	CO	warmed
480	4	19	-0.0958794	NA	CO	warmed
600	4	19	NA	NA	CO	warmed
720	4	19	NA	NA	CO	warmed
840	4	19	NA	NA	CO	warmed
0	5	19	10.99183218	458.50785450713	CO	warmed
1	5	19	8.264475523	344.740246996513	CO	warmed
2	5	19	6.281380982	262.018421518396	CO	warmed
4	5	19	3.706129633	154.595659642988	CO	warmed
8	5	19	0.817951949	34.119643302807	CO	warmed
24	5	19	NA	NA	CO	warmed
48	5	19	NA	NA	CO	warmed
72	5	19	NA	NA	CO	warmed
120	5	19	NA	NA	CO	warmed
240	5	19	NA	NA	CO	warmed
360	5	19	NA	NA	CO	warmed
480	5	19	NA	NA	CO	warmed
600	5	19	NA	NA	CO	warmed
720	5	19	NA	NA	CO	warmed
840	5	19	NA	NA	CO	warmed
0	1	19	10.84368408	452.328077890461	CO	unwarmed
1	1	19	10.07296113	420.178521707562	CO	unwarmed
2	1	19	9.53836671	397.878714311332	CO	unwarmed
4	1	19	8.625263677	359.789985721884	CO	unwarmed
8	1	19	6.973535052	290.890594276048	CO	unwarmed
24	1	19	2.233972918	93.1868420919807	CO	unwarmed
48	1	19	0.125129316	NA	CO	unwarmed
72	1	19	-0.018671708	NA	CO	unwarmed
120	1	19	-0.0616066	NA	CO	unwarmed
240	1	19	-0.0784541	NA	CO	unwarmed
360	1	19	NA	NA	CO	unwarmed
480	1	19	NA	NA	CO	unwarmed
600	1	19	NA	NA	CO	unwarmed
720	1	19	NA	NA	CO	unwarmed
840	1	19	NA	NA	CO	unwarmed
0	2	19	10.78664767	449.948889275712	CO	unwarmed
1	2	19	9.855885818	411.12354943891	CO	unwarmed
2	2	19	9.191771909	383.421030097504	CO	unwarmed
4	2	19	8.025955401	334.790736523273	CO	unwarmed
8	2	19	6.032567186	251.639525815884	CO	unwarmed
24	2	19	1.289098172	53.7728039705918	CO	unwarmed
48	2	19	-0.024878808	NA	CO	unwarmed
72	2	19	NA	NA	CO	unwarmed
120	2	19	-0.089107307	NA	CO	unwarmed
240	2	19	NA	NA	CO	unwarmed
360	2	19	NA	NA	CO	unwarmed
480	2	19	NA	NA	CO	unwarmed
600	2	19	NA	NA	CO	unwarmed
720	2	19	NA	NA	CO	unwarmed
840	2	19	NA	NA	CO	unwarmed
0	4	19	11.14748651	465.000742291834	CO	unwarmed
1	4	19	10.68300551	445.625611441781	CO	unwarmed
2	4	19	10.3503397	431.748954273697	CO	unwarmed
4	4	19	9.790865134	408.411308764996	CO	unwarmed
8	4	19	8.800320522	367.092220427012	CO	unwarmed
24	4	19	5.24038998	218.595037402623	CO	unwarmed
48	4	19	1.811547732	75.5660066797505	CO	unwarmed
72	4	19	0.417386741	NA	CO	unwarmed
120	4	19	-0.0898923	NA	CO	unwarmed
240	4	19	NA	NA	CO	unwarmed
360	4	19	NA	NA	CO	unwarmed
480	4	19	NA	NA	CO	unwarmed
600	4	19	-0.185177	NA	CO	unwarmed
720	4	19	NA	NA	CO	unwarmed
840	4	19	NA	NA	CO	unwarmed
0	5	19	10.64378544	443.989604827521	CO	unwarmed
1	5	19	8.944282662	373.097385977279	CO	unwarmed
2	5	19	7.537669507	314.422620091202	CO	unwarmed
4	5	19	5.4779388	228.504031464331	CO	unwarmed
8	5	19	2.344556612	97.7996756441222	CO	unwarmed
24	5	19	NA	NA	CO	unwarmed
48	5	19	NA	NA	CO	unwarmed
72	5	19	-0.051669111	NA	CO	unwarmed
120	5	19	NA	NA	CO	unwarmed
240	5	19	NA	NA	CO	unwarmed
360	5	19	NA	NA	CO	unwarmed
480	5	19	NA	NA	CO	unwarmed
600	5	19	NA	NA	CO	unwarmed
720	5	19	NA	NA	CO	unwarmed
840	5	19	NA	NA	CO	unwarmed
0	1	13	10.2892289	438.19927994502	CO	unwarmed
1	1	13	9.63136507	410.182072882218	CO	unwarmed
2	1	13	9.0783226	386.629014194504	CO	unwarmed
4	1	13	8.23934011	350.898297483121	CO	unwarmed
8	1	13	6.54338923	278.670877755086	CO	unwarmed
24	1	13	2.09465201	89.2073654340987	CO	unwarmed
48	1	13	-0.0176203	NA	CO	unwarmed
72	1	13	-0.2252264	NA	CO	unwarmed
120	1	13	NA	NA	CO	unwarmed
240	1	13	NA	NA	CO	unwarmed
360	1	13	-0.0935416	NA	CO	unwarmed
0	2	13	10.76555405	458.485089482186	CO	unwarmed
1	2	13	10.04129646	427.640294647005	CO	unwarmed
2	2	13	9.389381176	399.876425186005	CO	unwarmed
4	2	13	8.489100374	361.535126433799	CO	unwarmed
8	2	13	6.666028239	283.893846935699	CO	unwarmed
24	2	13	2.058029352	87.647673981878	CO	unwarmed
48	2	13	0.085673793	NA	CO	unwarmed
72	2	13	NA	NA	CO	unwarmed
120	2	13	NA	NA	CO	unwarmed
240	2	13	NA	NA	CO	unwarmed
360	2	13	NA	NA	CO	unwarmed
0	4	13	10.8321214	461.320070132471	CO	unwarmed
1	4	13	10.4316419	444.264386928383	CO	unwarmed
2	4	13	10.0685952	428.802897629956	CO	unwarmed
4	4	13	9.58165117	408.064849580551	CO	unwarmed
8	4	13	8.55890885	364.508140662034	CO	unwarmed
24	4	13	5.17976165	220.596494390054	CO	unwarmed
48	4	13	1.7821152	75.8969991832018	CO	unwarmed
72	4	13	0.2513445	NA	CO	unwarmed
120	4	13	NA	NA	CO	unwarmed
240	4	13	NA	NA	CO	unwarmed
360	4	13	NA	NA	CO	unwarmed
0	5	13	10.3971562	442.795704575676	CO	unwarmed
1	5	13	8.96952899	381.995695018894	CO	unwarmed
2	5	13	7.7442674	329.814063946201	CO	unwarmed
4	5	13	6.02870407	256.751386148637	CO	unwarmed
8	5	13	2.86487192	122.00961069869	CO	unwarmed
24	5	13	NA	NA	CO	unwarmed
48	5	13	NA	NA	CO	unwarmed
72	5	13	NA	NA	CO	unwarmed
120	5	13	NA	NA	CO	unwarmed
240	5	13	-0.07405	NA	CO	unwarmed
360	5	13	NA	NA	CO	unwarmed
0	1	19	15.00328563	625.839640936817	CH4	warmed
1	1	19	12.4584423	519.685304135881	CH4	warmed
2	1	19	12.47935904	520.557814689503	CH4	warmed
4	1	19	12.17762826	507.971566072253	CH4	warmed
8	1	19	12.08723789	504.20106685628	CH4	warmed
24	1	19	11.74143407	489.776377232919	CH4	warmed
48	1	19	11.11227736	463.532045211934	CH4	warmed
72	1	19	10.39239451	433.50320783116	CH4	warmed
120	1	19	8.25737356	344.443999222293	CH4	warmed
240	1	19	4.9264479	205.499412652983	CH4	warmed
360	1	19	2.90222137	121.061827716464	CH4	warmed
480	1	19	1.73931422	NA	CH4	warmed
600	1	19	1.05180407	NA	CH4	warmed
720	1	19	0.65349822	NA	CH4	warmed
840	1	19	0.24949733	NA	CH4	warmed
0	2	19	13.71771195	572.213855883425	CH4	warmed
1	2	19	12.22983215	510.149173336343	CH4	warmed
2	2	19	12.6665684	528.366973398588	CH4	warmed
4	2	19	12.02347487	501.541287756823	CH4	warmed
8	2	19	11.98533118	499.950180725849	CH4	warmed
24	2	19	11.70792639	488.378654431595	CH4	warmed
48	2	19	11.49226117	479.382502043649	CH4	warmed
72	2	19	11.29398514	471.111713732224	CH4	warmed
120	2	19	9.25173256	385.922199055932	CH4	warmed
240	2	19	5.59881737	233.546300385379	CH4	warmed
360	2	19	3.1569263	131.686463270779	CH4	warmed
480	2	19	1.81901912	NA	CH4	warmed
600	2	19	1.03240201	NA	CH4	warmed
720	2	19	0.56308973	NA	CH4	warmed
840	2	19	0.18131401	NA	CH4	warmed
0	4	19	13.69592031	571.30485018365	CH4	warmed
1	4	19	12.55613618	523.760458358012	CH4	warmed
2	4	19	12.11229613	505.246333893838	CH4	warmed
4	4	19	12.45611716	519.588314395193	CH4	warmed
8	4	19	12.03540488	502.038930297191	CH4	warmed
24	4	19	10.95247492	456.86612521702	CH4	warmed
48	4	19	9.428136013	393.280605501569	CH4	warmed
72	4	19	7.58788456	316.517265991717	CH4	warmed
120	4	19	3.8049896	158.719455441863	CH4	warmed
240	4	19	0.38230262	NA	CH4	warmed
360	4	19	-0.2672133	NA	CH4	warmed
480	4	19	-0.1611127	NA	CH4	warmed
600	4	19	-0.0587801	NA	CH4	warmed
720	4	19	-0.0909976	NA	CH4	warmed
840	4	19	-0.1705338	NA	CH4	warmed
0	5	19	13.15286957	548.652300034735	CH4	warmed
1	5	19	12.60771718	525.912082696524	CH4	warmed
2	5	19	12.71379868	530.337113953497	CH4	warmed
4	5	19	11.68068565	487.242347667804	CH4	warmed
8	5	19	11.73421616	489.475292902852	CH4	warmed
24	5	19	9.064680709	378.119610599418	CH4	warmed
48	5	19	6.023287932	251.252455601083	CH4	warmed
72	5	19	3.732284027	155.686651106695	CH4	warmed
120	5	19	0.72966163	NA	CH4	warmed
240	5	19	-0.2050063	NA	CH4	warmed
360	5	19	-0.3270855	NA	CH4	warmed
480	5	19	-0.1476847	NA	CH4	warmed
600	5	19	NA	NA	CH4	warmed
720	5	19	-0.0870734	NA	CH4	warmed
840	5	19	-0.1682919	NA	CH4	warmed
0	1	19	13.17199372	549.450035375138	CH4	unwarmed
1	1	19	12.47734772	520.473915481179	CH4	unwarmed
2	1	19	12.33614664	514.583923423014	CH4	unwarmed
4	1	19	12.50864914	521.779607443375	CH4	unwarmed
8	1	19	11.73794399	489.630793760878	CH4	unwarmed
24	1	19	10.68180779	445.575650341711	CH4	unwarmed
48	1	19	8.835660539	368.566376428265	CH4	unwarmed
72	1	19	6.650316656	277.408021865886	CH4	unwarmed
120	1	19	3.95390486	164.931232991579	CH4	unwarmed
240	1	19	1.01944561	NA	CH4	unwarmed
360	1	19	-0.040772	NA	CH4	unwarmed
480	1	19	-0.3736199	NA	CH4	unwarmed
600	1	19	-0.0513903	NA	CH4	unwarmed
720	1	19	-0.0792638	NA	CH4	unwarmed
840	1	19	-0.1672488	NA	CH4	unwarmed
0	2	19	13.16560316	549.183462714028	CH4	unwarmed
1	2	19	12.47131853	520.222416829631	CH4	unwarmed
2	2	19	12.25834245	511.338437898455	CH4	unwarmed
4	2	19	12.26327802	511.544317825879	CH4	unwarmed
8	2	19	11.70069421	488.076974849801	CH4	unwarmed
24	2	19	10.08525098	420.691174435828	CH4	unwarmed
48	2	19	7.331907801	305.839577991137	CH4	unwarmed
72	2	19	5.191585995	216.559252095196	CH4	unwarmed
120	2	19	2.44846912	102.134230640898	CH4	unwarmed
240	2	19	0.30377694	NA	CH4	unwarmed
360	2	19	-0.2615937	NA	CH4	unwarmed
480	2	19	-0.4027603	NA	CH4	unwarmed
600	2	19	-0.0595809	NA	CH4	unwarmed
720	2	19	-0.0878232	NA	CH4	unwarmed
840	2	19	-0.1698966	NA	CH4	unwarmed
0	4	19	12.84320765	535.735215763734	CH4	unwarmed
1	4	19	12.89049498	537.707736074144	CH4	unwarmed
2	4	19	12.77362465	532.832664895261	CH4	unwarmed
4	4	19	12.4028672	517.367071884175	CH4	unwarmed
8	4	19	12.65895107	528.049227860067	CH4	unwarmed
24	4	19	12.60066673	525.617983710125	CH4	unwarmed
48	4	19	11.81442995	492.821291290791	CH4	unwarmed
72	4	19	10.65793902	444.580000267801	CH4	unwarmed
120	4	19	9.1415158	381.324671607298	CH4	unwarmed
240	4	19	6.52839714	272.322331437913	CH4	unwarmed
360	4	19	4.2035395	175.344368974979	CH4	unwarmed
480	4	19	2.79619676	116.639169540831	CH4	unwarmed
600	4	19	1.63778084	NA	CH4	unwarmed
720	4	19	0.93378938	NA	CH4	unwarmed
840	4	19	0.33651296	NA	CH4	unwarmed
0	5	19	12.8867624	537.552037076966	CH4	unwarmed
1	5	19	12.38134183	516.469173239568	CH4	unwarmed
2	5	19	12.35724882	515.464169329135	CH4	unwarmed
4	5	19	11.72504398	489.092689119962	CH4	unwarmed
8	5	19	10.64914174	444.213034878205	CH4	unwarmed
24	5	19	7.613372702	317.580465748811	CH4	unwarmed
48	5	19	3.943137442	164.482086239253	CH4	unwarmed
72	5	19	1.619578395	67.5582926428513	CH4	unwarmed
120	5	19	0.06933795	NA	CH4	unwarmed
240	5	19	NA	NA	CH4	unwarmed
360	5	19	-0.3073589	NA	CH4	unwarmed
480	5	19	-0.4294023	NA	CH4	unwarmed
600	5	19	-0.0654669	NA	CH4	unwarmed
720	5	19	-0.0955597	NA	CH4	unwarmed
840	5	19	NA	NA	CH4	unwarmed
0	1	13	12.0669822	513.910513852926	CH4	unwarmed
1	1	13	11.8623747	505.196657834877	CH4	unwarmed
2	1	13	11.9893467	510.6041611098	CH4	unwarmed
4	1	13	11.7277468	499.463103900577	CH4	unwarmed
8	1	13	11.9833148	510.347273614887	CH4	unwarmed
24	1	13	10.6505627	453.587819991962	CH4	unwarmed
48	1	13	9.22311051	392.795264214148	CH4	unwarmed
72	1	13	7.27923256	310.009087886493	CH4	unwarmed
120	1	13	4.6092628	196.300000677152	CH4	unwarmed
240	1	13	1.45198403	NA	CH4	unwarmed
360	1	13	0.23318544	NA	CH4	unwarmed
0	2	13	12.8869107	548.829756276078	CH4	unwarmed
1	2	13	12.6385486	538.252472551189	CH4	unwarmed
2	2	13	12.4469655	530.093301705098	CH4	unwarmed
4	2	13	12.3516054	526.032090941725	CH4	unwarmed
8	2	13	11.7150752	498.923443829864	CH4	unwarmed
24	2	13	10.5721694	450.249193944629	CH4	unwarmed
48	2	13	8.66477151	369.016636083402	CH4	unwarmed
72	2	13	6.5077132	277.151501443291	CH4	unwarmed
120	2	13	3.7684522	160.491428132892	CH4	unwarmed
240	2	13	0.87956084	NA	CH4	unwarmed
360	2	13	0.02870628	NA	CH4	unwarmed
0	4	13	12.9007934	549.420994861867	CH4	unwarmed
1	4	13	12.9760347	552.625383043194	CH4	unwarmed
2	4	13	12.337333	525.424255751754	CH4	unwarmed
4	4	13	12.2761878	522.820194468591	CH4	unwarmed
8	4	13	12.8101893	545.562333365857	CH4	unwarmed
24	4	13	12.7847676	544.479670054228	CH4	unwarmed
48	4	13	11.7132968	498.847705054196	CH4	unwarmed
72	4	13	10.8932134	463.921865725764	CH4	unwarmed
120	4	13	9.2922899	395.741486830018	CH4	unwarmed
240	4	13	7.24463216	308.535520672355	CH4	unwarmed
360	4	13	4.47632039	190.638228652996	CH4	unwarmed
0	5	13	12.8546121	547.454218478174	CH4	unwarmed
1	5	13	12.532526	533.737165580236	CH4	unwarmed
2	5	13	12.3861405	527.502877149312	CH4	unwarmed
4	5	13	12.0893374	514.86258058584	CH4	unwarmed
8	5	13	11.2817233	480.467785744271	CH4	unwarmed
24	5	13	8.57672456	365.266878889124	CH4	unwarmed
48	5	13	5.37565732	228.939329637732	CH4	unwarmed
72	5	13	2.83729019	120.834955693625	CH4	unwarmed
120	5	13	0.7176625	NA	CH4	unwarmed
240	5	13	-0.0867082	NA	CH4	unwarmed
360	5	13	-0.1711757	NA	CH4	unwarmed
