time	replicate	soil_type	inc_temp	ppmv	gas	group	nmol_l
0	1	Heat-Killed	19	NA	H2	1_Heat-Killed_19_H2	NA
1	1	Heat-Killed	19	11.6539764	H2	1_Heat-Killed_19_H2	486.12803884007707
2	1	Heat-Killed	19	11.5152601	H2	1_Heat-Killed_19_H2	480.3416977184191
4	1	Heat-Killed	19	11.5346738	H2	1_Heat-Killed_19_H2	481.151510917254
8	1	Heat-Killed	19	11.5238319	H2	1_Heat-Killed_19_H2	480.6992574199583
24	1	Heat-Killed	19	11.5899254	H2	1_Heat-Killed_19_H2	483.45624803262825
48	1	Heat-Killed	19	11.6181913	H2	1_Heat-Killed_19_H2	484.6353173958586
0	2	Heat-Killed	19	12.6087359	H2	2_Heat-Killed_19_H2	525.9543905820398
1	2	Heat-Killed	19	12.3316842	H2	2_Heat-Killed_19_H2	514.3975970074184
2	2	Heat-Killed	19	12.3771681	H2	2_Heat-Killed_19_H2	516.2948892574524
4	2	Heat-Killed	19	12.3846182	H2	2_Heat-Killed_19_H2	516.6056589362173
8	2	Heat-Killed	19	12.4004445	H2	2_Heat-Killed_19_H2	517.265829157696
24	2	Heat-Killed	19	12.3995916	H2	2_Heat-Killed_19_H2	517.2302517212831
48	2	Heat-Killed	19	12.4117401	H2	2_Heat-Killed_19_H2	517.7370080658256
0	1	Heat-Killed	13	11.27188796	H2	1_Heat-Killed_13_H2	470.189796164327
1	1	Heat-Killed	13	11.31030775	H2	1_Heat-Killed_13_H2	471.79241972595935
2	1	Heat-Killed	13	11.22458395	H2	1_Heat-Killed_13_H2	468.21658077231956
4	1	Heat-Killed	13	11.28526806	H2	1_Heat-Killed_13_H2	470.7479268442968
8	1	Heat-Killed	13	11.27670132	H2	1_Heat-Killed_13_H2	470.3905782130217
24	1	Heat-Killed	13	11.70201745	H2	1_Heat-Killed_13_H2	488.1319987434383
48	1	Heat-Killed	13	11.78442233	H2	1_Heat-Killed_13_H2	491.56939395776635
0	2	Heat-Killed	13	11.47407288	H2	2_Heat-Killed_13_H2	478.62363499058694
1	2	Heat-Killed	13	11.46157222	H2	2_Heat-Killed_13_H2	478.1021888230792
2	2	Heat-Killed	13	11.39865147	H2	2_Heat-Killed_13_H2	475.47754468875206
4	2	Heat-Killed	13	11.3438005	H2	2_Heat-Killed_13_H2	473.18951924924835
8	2	Heat-Killed	13	11.23084497	H2	2_Heat-Killed_13_H2	468.47774977329146
24	2	Heat-Killed	13	10.87652379	H2	2_Heat-Killed_13_H2	453.6977764456553
48	2	Heat-Killed	13	10.29083855	H2	2_Heat-Killed_13_H2	429.2668005000733
0	1	Blank	19	12.79226735	H2	1_Blank_19_H2	533.6101280566735
1	1	Blank	19	12.7362712	H2	1_Blank_19_H2	531.2743331616284
2	1	Blank	19	12.72915396	H2	1_Blank_19_H2	530.9774482354538
4	1	Blank	19	12.71393482	H2	1_Blank_19_H2	530.3426047771273
8	1	Blank	19	12.70980361	H2	1_Blank_19_H2	530.1702775862693
24	1	Blank	19	12.67405683	H2	1_Blank_19_H2	528.6791546030232
48	1	Blank	19	12.52798202	H2	1_Blank_19_H2	522.5858643412345
0	2	Blank	19	12.7635308	H2	2_Blank_19_H2	532.4114262389377
1	2	Blank	19	12.68403703	H2	2_Blank_19_H2	529.0954635851859
2	2	Blank	19	12.68456681	H2	2_Blank_19_H2	529.1175625584099
4	2	Blank	19	12.65330979	H2	2_Blank_19_H2	527.8137231381941
8	2	Blank	19	12.67491839	H2	2_Blank_19_H2	528.7150932782674
24	2	Blank	19	12.62746829	H2	2_Blank_19_H2	526.7357839623702
48	2	Blank	19	12.48714079	H2	2_Blank_19_H2	520.8822340641286
0	1	Heat-Killed	19	NA	CH4	1_Heat-Killed_19_CH4	NA
1	1	Heat-Killed	19	12.3295041	CH4	1_Heat-Killed_19_CH4	514.3066574258456
2	1	Heat-Killed	19	12.3230517	CH4	1_Heat-Killed_19_CH4	514.0375052969799
4	1	Heat-Killed	19	11.857206	CH4	1_Heat-Killed_19_CH4	494.6054549160401
8	1	Heat-Killed	19	12.4209833	CH4	1_Heat-Killed_19_CH4	518.1225742051741
24	1	Heat-Killed	19	11.8084922	CH4	1_Heat-Killed_19_CH4	492.5734322616569
48	1	Heat-Killed	19	12.3251262	CH4	1_Heat-Killed_19_CH4	514.1240399339106
72	1	Heat-Killed	19	12.6928755	CH4	1_Heat-Killed_19_CH4	529.464147023351
120	1	Heat-Killed	19	12.3863612	CH4	1_Heat-Killed_19_CH4	516.6783655509054
240	1	Heat-Killed	19	11.9738045	CH4	1_Heat-Killed_19_CH4	499.469185388044
360	1	Heat-Killed	19	12.2233673	CH4	1_Heat-Killed_19_CH4	509.87932098188634
480	1	Heat-Killed	19	12.5340757	CH4	1_Heat-Killed_19_CH4	522.8400530066344
0	2	Heat-Killed	19	12.9981884	CH4	2_Heat-Killed_19_CH4	542.1998139077954
1	2	Heat-Killed	19	12.9419096	CH4	2_Heat-Killed_19_CH4	539.8522286945396
2	2	Heat-Killed	19	12.2558984	CH4	2_Heat-Killed_19_CH4	511.2363067266241
4	2	Heat-Killed	19	12.3714517	CH4	2_Heat-Killed_19_CH4	516.0564382579098
8	2	Heat-Killed	19	12.7865342	CH4	2_Heat-Killed_19_CH4	533.3709783561578
24	2	Heat-Killed	19	12.524388	CH4	2_Heat-Killed_19_CH4	522.4359452205683
48	2	Heat-Killed	19	13.2996285	CH4	2_Heat-Killed_19_CH4	554.7739327845726
72	2	Heat-Killed	19	13.7374966	CH4	2_Heat-Killed_19_CH4	573.0389398017167
120	2	Heat-Killed	19	12.0064519	CH4	2_Heat-Killed_19_CH4	500.8310224117767
240	2	Heat-Killed	19	12.9592343	CH4	2_Heat-Killed_19_CH4	540.5749024108252
360	2	Heat-Killed	19	12.0280226	CH4	2_Heat-Killed_19_CH4	501.73081161054387
480	2	Heat-Killed	19	13.2277287	CH4	2_Heat-Killed_19_CH4	551.7747411295256
0	1	Heat-Killed	13	11.80361915	CH4	1_Heat-Killed_13_CH4	492.3701603346886
1	1	Heat-Killed	13	11.80094191	CH4	1_Heat-Killed_13_CH4	492.2584833082357
2	1	Heat-Killed	13	11.64231162	CH4	1_Heat-Killed_13_CH4	485.6414601453664
4	1	Heat-Killed	13	11.52117669	CH4	1_Heat-Killed_13_CH4	480.58849934171064
8	1	Heat-Killed	13	11.52636414	CH4	1_Heat-Killed_13_CH4	480.8048859902266
24	1	Heat-Killed	13	12.18989037	CH4	1_Heat-Killed_13_CH4	508.4828813660239
48	1	Heat-Killed	13	12.22402736	CH4	1_Heat-Killed_13_CH4	509.9068543887084
72	1	Heat-Killed	13	12.25683031	CH4	1_Heat-Killed_13_CH4	511.27517994595513
120	1	Heat-Killed	13	11.03018196	CH4	1_Heat-Killed_13_CH4	460.10739512601015
240	1	Heat-Killed	13	11.84892156	CH4	1_Heat-Killed_13_CH4	494.259882003254
360	1	Heat-Killed	13	10.98132345	CH4	1_Heat-Killed_13_CH4	458.0693361123547
480	1	Heat-Killed	13	11.30805274	CH4	1_Heat-Killed_13_CH4	471.69835538678115
0	2	Heat-Killed	13	11.94406714	CH4	2_Heat-Killed_13_CH4	498.22873629145226
1	2	Heat-Killed	13	11.9452411	CH4	2_Heat-Killed_13_CH4	498.27770626126244
2	2	Heat-Killed	13	11.66301543	CH4	2_Heat-Killed_13_CH4	486.50508833598275
4	2	Heat-Killed	13	11.65651984	CH4	2_Heat-Killed_13_CH4	486.23413460144377
8	2	Heat-Killed	13	12.23549529	CH4	2_Heat-Killed_13_CH4	510.3852217827299
24	2	Heat-Killed	13	11.79429514	CH4	2_Heat-Killed_13_CH4	491.9812233281382
48	2	Heat-Killed	13	11.77881052	CH4	2_Heat-Killed_13_CH4	491.33530577223996
72	2	Heat-Killed	13	11.44988843	CH4	2_Heat-Killed_13_CH4	477.614817154906
120	2	Heat-Killed	13	10.60529875	CH4	2_Heat-Killed_13_CH4	442.38403320008615
240	2	Heat-Killed	13	11.15949657	CH4	2_Heat-Killed_13_CH4	465.5015589371424
360	2	Heat-Killed	13	9.949671969	CH4	2_Heat-Killed_13_CH4	415.0355514184891
480	2	Heat-Killed	13	9.419500207	CH4	2_Heat-Killed_13_CH4	392.92023643385875
0	1	Blank	19	13.6065538	CH4	1_Blank_19_CH4	567.57685850179
1	1	Blank	19	13.29030271	CH4	1_Blank_19_CH4	554.3849215280084
2	1	Blank	19	13.60022315	CH4	1_Blank_19_CH4	567.3127849904446
4	1	Blank	19	13.25827593	CH4	1_Blank_19_CH4	553.0489727310156
8	1	Blank	19	13.32224217	CH4	1_Blank_19_CH4	555.7172279029734
24	1	Blank	19	13.24415931	CH4	1_Blank_19_CH4	552.4601192307073
48	1	Blank	19	12.82118948	CH4	1_Blank_19_CH4	534.8165710640556
72	1	Blank	19	11.32426506	CH4	1_Blank_19_CH4	472.37462785002793
120	1	Blank	19	12.235712059999999	CH4	1_Blank_19_CH4	510.3942640161584
240	1	Blank	19	13.33317591	CH4	1_Blank_19_CH4	556.1733123672757
360	1	Blank	19	12.41128994	CH4	1_Blank_19_CH4	517.7182303207494
480	1	Blank	19	12.57222656	CH4	1_Blank_19_CH4	524.4314585591515
0	2	Blank	19	13.30163481	CH4	2_Blank_19_CH4	554.857622978557
1	2	Blank	19	12.8651499	CH4	2_Blank_19_CH4	536.6503136449302
2	2	Blank	19	13.19725914	CH4	2_Blank_19_CH4	550.5037494148763
4	2	Blank	19	13.19687591	CH4	2_Blank_19_CH4	550.4877635537478
8	2	Blank	19	13.22862618	CH4	2_Blank_19_CH4	551.812178153364
24	2	Blank	19	13.49519259	CH4	2_Blank_19_CH4	562.9315936786899
48	2	Blank	19	13.01671679	CH4	2_Blank_19_CH4	542.9726977359765
72	2	Blank	19	12.63894441	CH4	2_Blank_19_CH4	527.2144929898825
120	2	Blank	19	12.235712059999999	CH4	2_Blank_19_CH4	510.3942640161584
240	2	Blank	19	13.28790107	CH4	2_Blank_19_CH4	554.2847407396553
360	2	Blank	19	12.40389862	CH4	2_Blank_19_CH4	517.4099125609813
480	2	Blank	19	11.9755432	CH4	2_Blank_19_CH4	499.541712634721
0	1	Heat-Killed	19	NA	CO	1_Heat-Killed_19_CO	NA
1	1	Heat-Killed	19	10.5052626	CO	1_Heat-Killed_19_CO	438.21117616455865
2	1	Heat-Killed	19	10.4866915	CO	1_Heat-Killed_19_CO	437.43651075317996
4	1	Heat-Killed	19	10.5534915	CO	1_Heat-Killed_19_CO	440.22297194719073
8	1	Heat-Killed	19	10.7684629	CO	1_Heat-Killed_19_CO	449.1901794909357
24	1	Heat-Killed	19	11.5417336	CO	1_Heat-Killed_19_CO	481.44599982050954
48	1	Heat-Killed	19	12.5281679	CO	1_Heat-Killed_19_CO	522.5936180449281
0	2	Heat-Killed	19	10.998144	CO	2_Heat-Killed_19_CO	458.77097997218874
1	2	Heat-Killed	19	10.8927842	CO	2_Heat-Killed_19_CO	454.37605491068075
2	2	Heat-Killed	19	10.9264663	CO	2_Heat-Killed_19_CO	455.781052883477
4	2	Heat-Killed	19	11.1079555	CO	2_Heat-Killed_19_CO	463.35160098126227
8	2	Heat-Killed	19	11.2541229	CO	2_Heat-Killed_19_CO	469.4487534951762
24	2	Heat-Killed	19	11.9323358	CO	2_Heat-Killed_19_CO	497.73938114678543
48	2	Heat-Killed	19	13.0721638	CO	2_Heat-Killed_19_CO	545.2855860846131
0	1	Heat-Killed	13	9.676568916	CO	1_Heat-Killed_13_CO	403.6434696946813
1	1	Heat-Killed	13	9.72865109	CO	1_Heat-Killed_13_CO	405.81599898735664
2	1	Heat-Killed	13	9.712135421	CO	1_Heat-Killed_13_CO	405.1270727783502
4	1	Heat-Killed	13	9.737722854	CO	1_Heat-Killed_13_CO	406.19441393267437
8	1	Heat-Killed	13	9.755915388	CO	1_Heat-Killed_13_CO	406.9532880346462
24	1	Heat-Killed	13	10.34931139	CO	1_Heat-Killed_13_CO	431.70590678096556
48	1	Heat-Killed	13	10.97822625	CO	1_Heat-Killed_13_CO	457.9401410882516
0	2	Heat-Killed	13	9.727177648	CO	2_Heat-Killed_13_CO	405.75453657785624
1	2	Heat-Killed	13	9.770530163	CO	2_Heat-Killed_13_CO	407.56292131902796
2	2	Heat-Killed	13	9.744260663	CO	2_Heat-Killed_13_CO	406.4671287690869
4	2	Heat-Killed	13	9.729044398	CO	2_Heat-Killed_13_CO	405.8324052370466
8	2	Heat-Killed	13	9.764106305	CO	2_Heat-Killed_13_CO	407.2949597766202
24	2	Heat-Killed	13	9.872101015	CO	2_Heat-Killed_13_CO	411.79979613251015
48	2	Heat-Killed	13	9.970314716	CO	2_Heat-Killed_13_CO	415.8966324582089
0	1	Blank	19	11.02315643	CO	1_Blank_19_CO	459.8143357440886
1	1	Blank	19	11.02562316	CO	1_Blank_19_CO	459.9172316635662
2	1	Blank	19	11.24150076	CO	1_Blank_19_CO	468.92223997279035
4	1	Blank	19	10.94091851	CO	1_Blank_19_CO	456.383905014206
8	1	Blank	19	10.95648522	CO	1_Blank_19_CO	457.0332468305745
24	1	Blank	19	10.91089233	CO	1_Blank_19_CO	455.13140822716434
48	1	Blank	19	10.81167367	CO	1_Blank_19_CO	450.9926515533358
0	2	Blank	19	10.94420067	CO	2_Blank_19_CO	456.52081536559126
1	2	Blank	19	10.88467874	CO	2_Blank_19_CO	454.03794787850103
2	2	Blank	19	10.8645972	CO	2_Blank_19_CO	453.2002767418847
4	2	Blank	19	10.85751609	CO	2_Blank_19_CO	452.9048989241374
8	2	Blank	19	10.88299062	CO	2_Blank_19_CO	453.9675305001951
24	2	Blank	19	10.87755945	CO	2_Blank_19_CO	453.7409774396701
48	2	Blank	19	10.75188857	CO	2_Blank_19_CO	448.498806326838
